,Active Ingredients,UID,Brand Name
1,.alpha.-Estradiol 3-Benzoate; Estriol,A1001,NA
2,.alpha.-Estradiol 3-Benzoate; Estriol; Testosterone,A1002,NA
3,.alpha.-Ketoglutaric Acid,A1003,NA
4,.alpha.-Lipoic Acid,A1004,NA
5,.delta.14-Triamcinolone Acetonide; Calcipotriene,A1005,NA
6,.gamma.-Aminobutyric Acid,A1006,NA
7,.gamma.-Aminobutyric Acid; Magnesium Chloride Tetrahydrate; Taurine; Theanine,A1007,NA
8,1-Testosterone,A1008,NA
9,15-Hydroxytestosterone,A1009,NA
10,19-Hydroxytestosterone,A1010,NA
11,"19-Nor-1.alpha.,25-Dihydroxyvitamin D3",A1011,NA
12,"2,3-Dimercapto-1-Propanesulfonic Acid",A1012,NA
13,7-Keto-Dehydroepiandrosterone,A1013,NA
14,Acetaminophen,A1014,NA
15,Acetic Acid,A1015,NA
16,Acetylcysteine,A1016,NA
17,Acyclovir,A1017,NA
18,Adenosine,A1018,NA
19,Adenosine Phosphate,A1019,NA
20,Adenosine; Lidocaine Hydrochloride Anhydrous,A1020,NA
21,"Adenosine; Lidocaine Hydrochloride; Magnesium Sulfate, Unspecified",A1021,NA
22,Adenosine; Sodium Chloride; Lidocaine Hydrochloride; Magnesium Sulfate Heptahydrate,A1022,NA
23,Aflibercept,A1023,NA
24,Alanine; Glycine; Phenylalanine; Tryptophan; Valine; Glutamic Acid; Lysine Acetate; Serine; Tyrosine; N-Acetyltyrosine; Threonine; Cysteine Hydrochloride; Histidine; Arginine; Taurine; Dextrose Monohydrate; Leucine; Methionine; Proline; Aspartic Acid; Isoleucine; Calcium Gluconate Monohydrate; Heparin Sodium,A1024,NA
25,Alanine; Glycine; Phenylalanine; Tryptophan; Valine; Heparin Sodium; Calcium Gluconate Monohydrate; Lysine Acetate; Serine; Tyrosine; N-Acetyltyrosine; Threonine; Cysteine Hydrochloride; Histidine; Arginine; Taurine; Dextrose Monohydrate; Leucine; Methionine; Glutamic Acid; Proline; Aspartic Acid; Isoleucine,A1025,NA
26,Alanine; Glycine; Phenylalanine; Tryptophan; Valine; Heparin Sodium; Lysine Acetate; Serine; Glutamic Acid; Tyrosine; N-Acetyltyrosine; Threonine; Cysteine Hydrochloride; Histidine; Arginine; Taurine; Dextrose Monohydrate; Calcium Gluconate Monohydrate; Leucine; Methionine; Proline; Aspartic Acid; Isoleucine,A1026,NA
27,Albuterol,A1027,NA
28,Alpha Lipoic Acid,A1028,NA
29,Alprostadil,A1029,NA
30,Alprostadil; Atropine Sulfate; Papaverine Hydrochloride; Phentolamine Mesylate,A1030,NA
31,Alprostadil; Papaverine Hydrobromide; Phentolamine Mesylate,A1031,NA
32,Alprostadil; Papaverine Hydrochloride; Phentolamine Mesylate,A1032,NA
33,Alprostadil; Phentolamine Mesylate; Papaverine Hydrochloride,A1033,NA
34,Alprostadil; Phentolamine Mesylate; Papaverine Hydrochloride; Atropine Sulfate,A1034,NA
35,Aluminum Chloride,A1035,NA
36,Aluminum Hydroxide; Magnesium Hydroxide; Lidocaine Hydrochloride; Diphenhydramine Hydrochloride; Dimethicone,A1036,NA
37,Amantadine Hydrochloride; Amitriptyline Hydrochloride; Baclofen; Clonidine Hydrochloride; Gabapentin; Ketoprofen; Lidocaine Hydrochloride,A1037,NA
38,Aminobenzoic Acid,A1038,NA
39,Aminohippurate Sodium,A1039,NA
40,Aminohippuric Acid,A1040,NA
41,Amiodarone Hydrochloride,A1041,NA
42,Amphotericin B,A1042,NA
43,Anastrozole,A1043,NA
44,Anastrozole; 1-Testosterone,A1044,NA
45,Anastrozole; Testosterone,A1045,NA
46,Anhydrous Dextrose,A1046,NA
47,"Anhydrous Dextrose; Potassium Chloride; Aspartic Acid; Tromethamine; Glutamic Acid; Dextrose Monohydrate; Citric Acid Monohydrate; Trisodium Citrate Dihydrate; Sodium Phosphate, Monobasic, Monohydrate",A1047,NA
48,Apomorphine Hydrochloride,A1048,NA
49,Arginine,A1049,NA
50,Arginine Hydrochloride,A1050,NA
51,Arginine Hydrochloride; Carnitine; Methionine,A1051,NA
52,Arginine Hydrochloride; Propylparaben; Methylparaben,A1052,NA
53,Arginine; Leucine; Tryptophan; Glycine; Isoleucine; Threonine; Methionine; Lysine; Valine; Phenylalanine; Histidine; Alanine; Proline; Serine; Tyrosine,A1053,NA
54,Arginine; Leucine; Tyrosine; Tryptophan; Glycine; Isoleucine; Threonine; Methionine; Lysine; Valine; Phenylalanine; Histidine; Alanine; Proline; Serine,A1054,NA
55,Ascorbic Acid,A1055,NA
56,Asparaginase,A1056,NA
57,Aspartic Acid; Glutamic Acid,A1057,NA
58,"Aspartic Acid; Glutamic Acid; Citric Acid Monohydrate; Trisodium Citrate Dihydrate; Sodium Phosphate, Monobasic, Monohydrate; Anhydrous Dextrose",A1058,NA
59,Aspartic Acid; Glutamic Acid; Dextrose Monohydrate; Sodium Chloride; Sodium Gluconate; Sodium Acetate; Potassium Chloride; Magnesium Chloride,A1059,NA
60,Aspartic Acid; Isoleucine; Alanine; Glycine; Phenylalanine; Tryptophan; Valine; Calcium Gluconate Monohydrate; Lysine Acetate; Serine; Tyrosine; N-Acetyltyrosine; Threonine; Cysteine Hydrochloride; Histidine; Arginine; Taurine; Dextrose Monohydrate; Leucine; Methionine; Glutamic Acid; Proline,A1060,NA
61,"Aspartic Acid; Potassium Chloride; Tromethamine; Glutamic Acid; Dextrose Monohydrate; Citric Acid Monohydrate; Trisodium Citrate Dihydrate; Sodium Phosphate, Monobasic, Monohydrate; Anhydrous Dextrose",A1061,NA
62,"Aspartic Acid; Tromethamine; Glutamic Acid; Dextrose Monohydrate; Trisodium Citrate Dihydrate; Anhydrous Dextrose; Citric Acid Monohydrate; Sodium Phosphate, Monobasic, Monohydrate",A1062,NA
63,Atropine,A1063,NA
64,Atropine Sulfate,A1064,NA
65,Avexitide,A1065,NA
66,Azithromycin Anhydrous,A1066,NA
67,Baclofen; Bupivacaine Hydrochloride Related Compound A,A1067,NA
68,Benzocaine,A1068,NA
69,Benzocaine; Lidocaine Hydrochloride; Tetracaine Hydrochloride,A1070,NA
70,Benzocaine; Lidocaine; Tetracaine,A1070,NA
71,Benzocaine; Tetracaine; Lidocaine,A1070,NA
72,Benzoyl Peroxide,A1072,NA
73,Benzoyl Peroxide; Adapalene; Clindamycin Phosphate,A1073,NA
74,Benzoyl Peroxide; Adapalene; Niacinamide,A1074,NA
75,Benzoyl Peroxide; Clindamycin Phosphate; Adapalene,A1075,NA
76,Benzoyl Peroxide; Clindamycin Phosphate; Niacinamide,A1076,NA
77,Benzoyl Peroxide; Clindamycin Phosphate; Niacinamide; Spironolactone,A1077,NA
78,Benzoyl Peroxide; Clindamycin Phosphate; Niacinamide; Tretinoin,A1078,NA
79,Benzoyl Peroxide; Clindamycin Phosphate; Niacinamide; Tretinoin; Spironolactone,A1079,NA
80,Benzoyl Peroxide; Tretinoin; Niacinamide,A1080,NA
81,Benzyl Alcohol,A1081,NA
82,Betamethasone Acetate; Betamethasone Sodium Phosphate,A1082,NA
83,Betamethasone Dipropionate; Minoxidil,A1083,NA
84,Betamethasone Dipropionate; Minoxidil; Niacinamide; Pentoxifylline,A1084,NA
85,Betamethasone Dipropionate; Niacinamide,A1085,NA
86,Betamethasone Sodium Phosphate,A1086,NA
87,Betamethasone Sodium Phosphate; Betamethasone Acetate,A1087,NA
88,Bevacizumab,A1088,NA
89,Bevacizumab-Awwb,A1089,NA
90,Bevacizumab; Dexamethasone,A1090,NA
91,Biotin,A1091,NA
92,Boric Acid,A1092,NA
93,Brilliant Blue G,A1093,NA
94,Brimonidine Tartrate,A1094,NA
95,Brolucizumab,A1095,NA
96,Bromfenac Sodium; Moxifloxacin Hydrochloride,A1096,NA
97,Bromfenac Sodium; Prednisolone Acetate,A1097,NA
98,Bromfenac Sodium; Prednisolone Acetate; Moxifloxacin Hydrochloride,A1098,NA
99,Bromfenac Sodium; Prednisolone Sodium Phosphate,A1099,NA
100,Bromfenac Sodium; Prednisolone Sodium Phosphate; Moxifloxacin Hydrochloride,A1100,NA
101,Brompheniramine Maleate,A1101,NA
102,Bumetanide,A1102,NA
103,Bupivacaine Hydrochloride,A1103,NA
104,Bupivacaine Hydrochloride Anhydrous,A1104,NA
105,Bupivacaine Hydrochloride; Dextrose,A1105,NA
106,Bupivacaine Hydrochloride; Epinephrine,A1106,NA
107,Bupivacaine Hydrochloride; Fentanyl Citrate,A1107,NA
108,Bupivacaine Hydrochloride; Lidocaine Hydrochloride,A1108,NA
109,Buprenorphine,A1109,NA
110,Buprenorphine Hydrochloride,A1110,NA
111,Butalbital,A1111,NA
112,Calcipotriene; Mometasone Furoate; Clobetasol Propionate,A1112,NA
113,Calcipotriene; Niacinamide,A1113,NA
114,Calcium Chloride,A1114,NA
115,Calcium Chloride; Sodium Chloride; Potassium Chloride; Mannitol; Lidocaine Hydrochloride; Sodium Bicarbonate,A1115,NA
116,Calcium Gluconate,A1116,NA
117,Calcium Gluconate Monohydrate; Glutamic Acid; Lysine Acetate; Serine; Tyrosine; N-Acetyltyrosine; Threonine; Cysteine Hydrochloride; Histidine; Arginine; Taurine; Dextrose Monohydrate; Leucine; Methionine; Proline; Aspartic Acid; Isoleucine; Alanine; Glycine; Phenylalanine; Tryptophan; Valine,A1117,NA
118,Calcium Gluconate Monohydrate; Glutamic Acid; Lysine Acetate; Serine; Tyrosine; N-Acetyltyrosine; Threonine; Cysteine Hydrochloride; Histidine; Arginine; Taurine; Dextrose Monohydrate; Leucine; Methionine; Proline; Aspartic Acid; Isoleucine; Alanine; Glycine; Phenylalanine; Tryptophan; Valine; Heparin Sodium,A1118,NA
119,Calcium Gluconate Monohydrate; Glutamic Acid; Lysine Acetate; Serine; Tyrosine; N-Acetyltyrosine; Threonine; Cysteine Hydrochloride; Histidine; Leucine; Arginine; Taurine; Dextrose Monohydrate; Methionine; Proline; Aspartic Acid; Isoleucine; Alanine; Glycine; Phenylalanine; Tryptophan; Valine,A1119,NA
120,Calcium Gluconate Monohydrate; Leucine; Methionine; Proline; Aspartic Acid; Isoleucine; Alanine; Glycine; Phenylalanine; Tryptophan; Lysine Acetate; Serine; Glutamic Acid; Tyrosine; N-Acetyltyrosine; Threonine; Cysteine Hydrochloride; Histidine; Arginine; Taurine; Dextrose Monohydrate; Valine; Heparin Sodium,A1120,NA
121,Calcium Gluconate Monohydrate; Lysine Acetate; Serine; Tyrosine; N-Acetyltyrosine; Threonine; Cysteine Hydrochloride; Histidine; Arginine; Taurine; Dextrose Monohydrate; Leucine; Methionine; Glutamic Acid; Proline; Aspartic Acid; Isoleucine; Alanine; Glycine; Phenylalanine; Tryptophan; Valine,A1121,NA
122,Calcium Gluconate; Calcium Saccharate,A1122,NA
123,Calcium Gluconate; Magnesium Chloride,A1123,NA
124,Calcium Gluconate; Magnesium Chloride; Zinc Sulfate,A1124,NA
125,Calcium Gluconate; Propylene Glycol; Methylcellulose (1500 Mpa.s),A1125,NA
126,Calcium Gluconate; Thiamine Hydrochloride; Niacinamide; Dexpanthenol; Cyanocobalamin; Riboflavin; Pyridoxine Hydrochloride; Magnesium Chloride,A1126,NA
127,Calcium Gluconate; Zinc Sulfate Anhydrous; Magnesium Chloride Anhydrous,A1127,NA
128,Cantharidin,A1128,NA
129,Cantharidin; Podophyllum Resin; Salicylic Acid,A1129,NA
130,Carnitine,A1130,NA
131,Carnitine; Thiamine Hydrochloride; Riboflavin 5'-Phosphate Sodium; Niacinamide; Pyridoxine Hydrochloride; Inositol; Choline Chloride; Chromic Chloride; Methionine; Cyanocobalamin,A1131,NA
132,Carnitine; Thiamine Hydrochloride; Riboflavin 5'-Phosphate Sodium; Niacinamide; Pyridoxine Hydrochloride; Inositol; Choline Chloride; Chromic Chloride; Methionine; Hydroxocobalamin Hydrochloride,A1132,NA
133,Cefazolin,A1133,NA
134,Cefazolin Sodium,A1134,NA
135,Ceftazidime,A1135,NA
136,Cefuroxime,A1136,NA
137,Cefuroxime Sodium,A1137,NA
138,Cefuroxime; Carbachol,A1138,NA
139,Cefuroxime; Carbachol; Dexamethasone Sodium Phosphate,A1139,NA
140,Chlorambucil,A1140,NA
141,Chloramphenicol; Amphotericin B,A1141,NA
142,Chloramphenicol; Hydrocortisone; Amphotericin B,A1142,NA
143,Chloramphenicol; Sulfamethoxazole; Amphotericin B,A1143,NA
144,Chloramphenicol; Sulfamethoxazole; Amphotericin B; Boric Acid,A1144,NA
145,Chlorhexidine Gluconate,A1145,NA
146,Cholecalciferol,A1146,NA
147,Cholic Acid,A1147,NA
148,Choline Chloride; Inositol; Methionine,A1148,NA
149,Choline Chloride; Methionine; Inositol; Cyanocobalamin,A1149,NA
150,Chorionic Gonadotropin,A1150,NA
151,Ciclopirox Olamine,A1151,NA
152,Ciclopirox Olamine; Clobetasol Propionate; Salicylic Acid,A1152,NA
153,Ciclopirox Olamine; Itraconazole,A1153,NA
154,Ciclopirox Olamine; Itraconazole; Ibuprofen; Terbinafine Hydrochloride; Urea,A1154,NA
155,Ciclopirox Olamine; Itraconazole; Urea,A1155,NA
156,Ciclopirox Olamine; Terbinafine Hydrochloride; Fluconazole,A1156,NA
157,Cimetidine; Ibuprofen; Salicylic Acid,A1157,NA
158,Cimetidine; Lidocaine; Salicylic Acid,A1158,NA
159,Cisatracurium Besylate,A1159,NA
160,"Citric Acid Monohydrate; Sodium Phosphate, Monobasic, Monohydrate; Anhydrous Dextrose; Sodium Chloride; Tromethamine; Potassium Chloride; Dextrose Monohydrate; Trisodium Citrate Dihydrate",A1160,NA
161,"Citric Acid Monohydrate; Sodium Phosphate, Monobasic, Monohydrate; Anhydrous Dextrose; Trisodium Citrate Dihydrate; Sodium Chloride; Tromethamine; Potassium Chloride; Dextrose Monohydrate",A1161,NA
162,"Citric Acid Monohydrate; Trisodium Citrate Dihydrate; Sodium Phosphate, Monobasic, Monohydrate; Anhydrous Dextrose; Aspartic Acid; Tromethamine; Glutamic Acid; Dextrose Monohydrate",A1162,NA
163,"Citric Acid Monohydrate; Trisodium Citrate Dihydrate; Sodium Phosphate, Monobasic, Monohydrate; Anhydrous Dextrose; Dextrose Monohydrate; Potassium Chloride; Aspartic Acid; Tromethamine; Glutamic Acid; Magnesium Sulfate Heptahydrate",A1163,NA
164,"Citric Acid Monohydrate; Trisodium Citrate Dihydrate; Sodium Phosphate, Monobasic, Monohydrate; Anhydrous Dextrose; Sodium Chloride; Tromethamine; Potassium Chloride",A1164,NA
165,"Citric Acid Monohydrate; Trisodium Citrate Dihydrate; Sodium Phosphate, Monobasic, Monohydrate; Anhydrous Dextrose; Sodium Chloride; Tromethamine; Potassium Chloride; Dextrose Monohydrate",A1165,NA
166,"Citric Acid Monohydrate; Trisodium Citrate Dihydrate; Sodium Phosphate, Monobasic, Monohydrate; Magnesium Sulfate Heptahydrate; Tromethamine; Potassium Chloride; Dextrose Monohydrate; Anhydrous Dextrose; Sodium Chloride",A1166,NA
167,Clindamycin Phosphate; Hydrocortisone; Tretinoin,A1167,NA
168,Clindamycin Phosphate; Niacinamide; Tretinoin,A1168,NA
169,Clindamycin Phosphate; Sulfacetamide Sodium; Tretinoin,A1169,NA
170,Clioquinol; Amphotericin B,A1170,NA
171,Clobetasol Propionate; Calcipotriene,A1171,NA
172,Clobetasol Propionate; Ciclopirox,A1172,NA
173,Clobetasol Propionate; Hyaluronic Acid; Niacinamide,A1173,NA
174,Clobetasol Propionate; Niacinamide,A1174,NA
175,Clobetasol Propionate; Salicylic Acid; Urea,A1175,NA
176,Clonidine Hydrochloride; Ropivacaine Hydrochloride; Racepinephrine Hydrochloride; Ketorolac Tromethamine,A1176,NA
177,"Coenzyme Q10, (2z)-",A1177,NA
178,Copper Gluconate,A1178,NA
179,Cyanocobalamin,A1179,NA
180,Cyanocobalamin; Choline Chloride; Inositol,A1180,NA
181,Cyanocobalamin; Choline Chloride; Inositol; Pyridoxine Hydrochloride,A1181,NA
182,Cyclopentolate,A1182,NA
183,Cyclopentolate Hydrochloride; Phenylephrine Hydrochloride; Ketorolac Tromethamine; Ciprofloxacin Hydrochloride; Tropicamide,A1183,NA
184,Cyclopentolate Hydrochloride; Phenylephrine Hydrochloride; Tropicamide,A1184,NA
185,Cyclopentolate Hydrochloride; Phenylephrine Hydrochloride; Tropicamide; Ketorolac Tromethamine,A1185,NA
186,Cyclophosphamide,A1186,NA
187,Cyclosporine,A1187,NA
188,Cysteine Hydrochloride; Histidine; Arginine; Taurine; Dextrose Monohydrate; Calcium Gluconate Monohydrate; Leucine; Methionine; Proline; Aspartic Acid; Isoleucine; Alanine; Glycine; Phenylalanine; Tryptophan; Valine; Lysine Acetate; Serine; Glutamic Acid; Tyrosine; N-Acetyltyrosine; Threonine,A1188,NA
189,Dactinomycin,A1189,NA
190,Danazol,A1190,NA
191,Dapsone; Niacinamide,A1191,NA
192,Dapsone; Spironolactone; Niacinamide,A1192,NA
193,Dapsone; Tretinoin; Niacinamide,A1193,NA
194,Desoximetasone; Niacinamide,A1194,NA
195,Dexamethasone,A1195,NA
196,Dexamethasone Acetate Anhydrous,A1196,NA
197,Dexamethasone Phosphate,A1197,NA
198,Dexamethasone Sodium Phosphate,A1198,NA
199,Dexamethasone Sodium Phosphate; Bupivacaine Hydrochloride,A1199,NA
200,Dexamethasone Sodium Phosphate; Lidocaine Hydrochloride,A1200,NA
201,Dexamethasone Sodium Phosphate; Moxifloxacin Hydrochloride,A1201,NA
202,Dexamethasone Sodium Phosphate; Moxifloxacin Hydrochloride; Ketorolac Tromethamine,A1202,NA
203,Dexamethasone Sodium Phosphate; Sodium Bisulfite,A1203,NA
204,Dexamethasone Sodium Phosphate; Tretinoin; Minoxidil; Finasteride,A1204,NA
205,Dexmedetomidine Hydrochloride,A1205,NA
206,Dexpanthenol,A1206,NA
207,Dexpanthenol; Pyridoxine,A1207,NA
208,Dexpanthenol; Pyridoxine; Thiamine Hydrochloride; Riboflavin; Niacinamide,A1208,NA
209,Dextrose,A1209,NA
210,Dextrose Monohydrate,A1210,NA
211,Dextrose Monohydrate; Leucine; Methionine; Glutamic Acid; Proline; Aspartic Acid; Isoleucine; Alanine; Glycine; Phenylalanine; Tryptophan; Valine; Heparin Sodium; Lysine Acetate; Serine; Tyrosine; N-Acetyltyrosine; Threonine; Cysteine Hydrochloride; Histidine; Arginine; Taurine,A1211,NA
212,"Dextrose Monohydrate; Potassium Chloride; Aspartic Acid; Trisodium Citrate Dihydrate; Sodium Phosphate, Monobasic, Monohydrate; Anhydrous Dextrose; Citric Acid Monohydrate; Tromethamine; Glutamic Acid",A1212,NA
213,"Dextrose, Unspecified Form",A1213,NA
214,Diazepam,A1214,NA
215,Diazepam Hydrochloride,A1215,NA
216,Dibasic Potassium Phosphate; Monobasic Potassium Phosphate,A1216,NA
217,Diclofenac Sodium,A1217,NA
218,Diclofenac Sodium; Hyaluronic Acid; Niacinamide,A1218,NA
219,Diclofenac Sodium; Hyaluronic Acid; Niacinamide; Calcipotriene,A1219,NA
220,Diclofenac Sodium; Niacinamide,A1220,NA
221,Diclofenac Sodium; Niacinamide; Calcipotriene,A1221,NA
222,Diltiazem Hydrochloride,A1222,NA
223,Diphenhydramine Hydrochloride,A1223,NA
224,Dipyridamole,A1224,NA
225,Disodium Nicotinamide Adenine Dinucleotide,A1225,NA
226,Doxycycline,A1226,NA
227,Doxycycline Anhydrous,A1227,NA
228,Doxycycline Hyclate,A1228,NA
229,Doxycycline Hydrochloride,A1229,NA
230,Droperidol,A1230,NA
231,Dyclonine Hydrochloride,A1231,NA
232,Econazole Nitrate; Niacinamide,A1232,NA
233,Edetate Calcium Disodium,A1233,NA
234,Edetate Disodium,A1234,NA
235,Enrofloxacin,A1235,NA
236,Ephedrine,A1236,NA
237,Ephedrine Sulfate,A1237,NA
238,Epinephrine,A1238,NA
239,Epinephrine Bitartrate,A1239,NA
240,Epinephrine Hydrochloride,A1240,NA
241,Epinephrine Hydrochloride; Lidocaine Hydrochloride,A1241,NA
242,Epinephrine; Bupivacaine Hydrochloride; Dexamethasone Sodium Phosphate,A1242,NA
243,Epinephrine; Lidocaine Hydrochloride,A1241,NA
244,Epinephrine; Lidocaine Hydrochloride Anhydrous,A1241,NA
245,Epinephrine; Lidocaine Hydrochloride; Tetracaine Hydrochloride,A1245,NA
246,Erythromycin Lactobionate,A1246,NA
247,Esmolol,A1247,NA
248,Esmolol Hydrochloride,A1248,NA
249,Estradiol,A1249,NA
250,Estradiol; Estriol,A1250,NA
251,Estradiol; Estriol; Testosterone,A1251,NA
252,Estradiol; Progesterone,A1252,NA
253,Estradiol; Testosterone; Estriol,A1253,NA
254,Estriol,A1254,NA
255,Estriol; .alpha.-Estradiol 3-Benzoate; Testosterone,A1255,NA
256,Estriol; Estradiol,A1256,NA
257,Estriol; Estradiol Hemihydrate,A1257,NA
258,Estriol; Estradiol Hemihydrate; Progesterone,A1258,NA
259,Estriol; Estradiol; Testosterone,A1259,NA
260,Estriol; Testosterone; Estradiol,A1260,NA
261,Famotidine,A1261,NA
262,Felis Catus Skin; Felis Catus Dander,A1262,NA
263,Fentanyl,A1263,NA
264,Fentanyl Citrate,A1264,NA
265,Fentanyl Citrate; Bupivacaine Hydrochloride,A1265,NA
266,Fentanyl Citrate; Ropivacaine Hydrochloride,A1266,NA
267,Finasteride; Minoxidil,A1267,NA
268,Finasteride; Minoxidil; Tretinoin,A1268,NA
269,Fluconazole,A1269,NA
270,Fluconazole; Ciclopirox Olamine; Terbinafine Hydrochloride,A1270,NA
271,Fluconazole; Ibuprofen; Itraconazole; Terbinafine Hydrochloride,A1271,NA
272,Fluocinolone Acetonide; Ibuprofen; Itraconazole; Terbinafine Hydrochloride,A1272,NA
273,Fluocinolone Acetonide; Iodoquinol,A1273,NA
274,Fluocinolone Acetonide; Lidocaine,A1274,NA
275,Fluocinolone Acetonide; Niacinamide,A1275,NA
276,Fluocinonide; Hydroquinone; Tretinoin,A1276,NA
277,Fluorescein Sodium,A1277,NA
278,Fluoxetine Hydrochloride,A1278,NA
279,Flurbiprofen,A1279,NA
280,Fluticasone Propionate; Niacinamide,A1280,NA
281,Folic Acid,A1281,NA
282,Follicle Stimulating Hormone Beta Polypeptide,A1282,NA
283,Furosemide,A1283,NA
284,Gabapentin,A1284,NA
285,Gemcitabine,A1285,NA
286,Gentamicin,A1286,NA
287,Gentamicin; Sodium Citrate,A1287,NA
288,"Glucose, 6,6-Dideutero",A1288,NA
289,Glutamic Acid; Aspartic Acid,A1289,NA
290,"Glutamic Acid; Dextrose Monohydrate; Citric Acid Monohydrate; Trisodium Citrate Dihydrate; Sodium Phosphate, Monobasic, Monohydrate; Anhydrous Dextrose; Aspartic Acid; Potassium Chloride; Tromethamine",A1290,NA
291,Glutamic Acid; Lysine Acetate; Serine; Tyrosine; N-Acetyltyrosine; Threonine; Cysteine Hydrochloride; Histidine; Arginine; Taurine; Dextrose Monohydrate; Aspartic Acid; Leucine; Methionine; Proline; Isoleucine; Alanine; Glycine; Phenylalanine; Tryptophan; Valine; Calcium Gluconate Monohydrate; Heparin Sodium,A1291,NA
292,Glutamic Acid; Lysine Acetate; Serine; Tyrosine; N-Acetyltyrosine; Threonine; Cysteine Hydrochloride; Histidine; Arginine; Taurine; Dextrose Monohydrate; Leucine; Methionine; Proline; Aspartic Acid; Isoleucine; Alanine; Glycine; Phenylalanine; Tryptophan; Valine,A1292,NA
293,Glutamic Acid; Lysine Acetate; Serine; Tyrosine; N-Acetyltyrosine; Threonine; Cysteine Hydrochloride; Histidine; Arginine; Taurine; Dextrose Monohydrate; Leucine; Methionine; Proline; Aspartic Acid; Isoleucine; Alanine; Glycine; Phenylalanine; Tryptophan; Valine; Calcium Gluconate Monohydrate,A1293,NA
294,Glutamic Acid; Lysine Acetate; Serine; Tyrosine; N-Acetyltyrosine; Threonine; Cysteine Hydrochloride; Histidine; Arginine; Taurine; Dextrose Monohydrate; Leucine; Methionine; Proline; Aspartic Acid; Isoleucine; Alanine; Glycine; Phenylalanine; Tryptophan; Valine; Calcium Gluconate Monohydrate; Heparin Sodium,A1294,NA
295,Glutamic Acid; Lysine Acetate; Serine; Tyrosine; N-Acetyltyrosine; Threonine; Cysteine Hydrochloride; Histidine; Arginine; Taurine; Dextrose Monohydrate; Leucine; Methionine; Proline; Aspartic Acid; Isoleucine; Alanine; Glycine; Valine; Phenylalanine; Tryptophan,A1295,NA
296,Glutamic Acid; Tyrosine; N-Acetyltyrosine; Threonine; Cysteine Hydrochloride; Histidine; Arginine; Taurine; Dextrose Monohydrate; Calcium Gluconate Monohydrate; Leucine; Methionine; Proline; Aspartic Acid; Isoleucine; Alanine; Glycine; Phenylalanine; Tryptophan; Valine; Heparin Sodium; Lysine Acetate; Serine,A1296,NA
297,Glutathione,A1297,NA
298,Glycerin,A1298,NA
299,Glycine,A1299,NA
300,Glycolic Acid,A1300,NA
301,Glycopyrrolate,A1301,NA
302,"Gonadotrophin, Chorionic",A1302,NA
303,"Gonadotrophin, Chorionic; Methylcobalamin",A1303,NA
304,Growth Hormone Releasing Hexapeptide; Sermorelin Acetate; Pralmorelin,A1304,NA
305,Heparin Sodium,A1305,NA
306,Heparin Sodium; Calcium Gluconate Monohydrate; Lysine Acetate; Serine; Tyrosine; N-Acetyltyrosine; Threonine; Cysteine Hydrochloride; Histidine; Arginine; Taurine; Dextrose Monohydrate; Leucine; Methionine; Glutamic Acid; Proline; Aspartic Acid; Isoleucine; Alanine; Glycine; Phenylalanine; Tryptophan; Valine,A1306,NA
307,Heparin Sodium; Lysine Acetate; Serine; Tyrosine; N-Acetyltyrosine; Threonine; Cysteine Hydrochloride; Histidine; Arginine; Taurine; Dextrose Monohydrate; Leucine; Methionine; Glutamic Acid; Proline; Aspartic Acid; Isoleucine; Alanine; Glycine; Phenylalanine; Tryptophan; Valine,A1307,NA
308,Human Chorionic Gonadotropin,A1308,NA
309,Human Chorionic Gonadotropin; Methylcobalamin,A1309,NA
310,Hyaluronic Acid,A1310,NA
311,Hyaluronic Acid; Hydroquinone,A1311,NA
312,Hyaluronic Acid; Hydroquinone; Tretinoin,A1312,NA
313,Hyaluronic Acid; Mometasone Furoate; Niacinamide,A1313,NA
314,Hyaluronic Acid; Niacinamide; Tretinoin,A1314,NA
315,Hyaluronic Acid; Tacrolimus; Niacinamide,A1315,NA
316,Hyaluronic Acid; Tacrolimus; Urea,A1316,NA
317,Hyaluronic Acid; Tazarotene,A1317,NA
318,Hyaluronidase,A1318,NA
319,Hyaluronidase (human Recombinant),A1319,NA
320,Hyaluronidase-1 Bovine,A1320,NA
321,Hydrochloric Acid,A1321,NA
322,Hydrocodone Bitartrate,A1322,NA
323,Hydrocortisone; Amphotericin B; Chloramphenicol; Sulfamethoxazole; Boric Acid,A1323,NA
324,Hydrocortisone; Chloramphenicol; Amphotericin B,A1324,NA
325,Hydrocortisone; Chloramphenicol; Sulfamethoxazole; Amphotericin B,A1325,NA
326,Hydrocortisone; Ketoconazole,A1326,NA
327,Hydrocortisone; Ketoconazole; Iodoquinol,A1327,NA
328,Hydrocortisone; Levocetirizine Dihydrochloride,A1328,NA
329,Hydrocortisone; Tretinoin; Hydroquinone,A1329,NA
330,Hydrogen Peroxide,A1330,NA
331,Hydromorphone,A1331,NA
332,Hydromorphone Hydrochloride,A1332,NA
333,Hydromorphone Hydrochloride; Bupivacaine Hydrochloride Related Compound A,A1333,NA
334,Hydroquinone,A1334,NA
335,Hydroquinone; Hydrocortisone,A1335,NA
336,Hydroquinone; Hydrocortisone; Tretinoin,A1336,NA
337,Hydroquinone; Tretinoin,A1337,NA
338,Hydroquinone; Tretinoin; Desoximetasone,A1338,NA
339,Hydroquinone; Tretinoin; Fluocinonide,A1339,NA
340,Hydroquinone; Tretinoin; Hydrocortisone,A1340,NA
341,Hydroquinone; Tretinoin; Triamcinolone Acetonide,A1341,NA
342,Hydroquinone; Triamcinolone Acetonide; Tretinoin,A1342,NA
343,Hydroxocobalamin,A1343,NA
344,Hydroxocobalamin Hydrochloride,A1344,NA
345,Hydroxocobalamin Hydrochloride; Niacinamide; Carnitine; Pyridoxine Hydrochloride; Inositol; Choline Chloride; Riboflavin 5'-Phosphate Sodium; Thiamine Hydrochloride,A1345,NA
346,Hydroxychloroquine Sulfate,A1346,NA
347,"Hydroxypropyl Cellulose, Unspecified; Cantharidin; Salicylic Acid",A1347,NA
348,Ibuprofen; Salicylic Acid; Cimetidine,A1348,NA
349,Ibutamoren Mesylate,A1349,NA
350,Idoxuridine,A1350,NA
351,Imiquimod; Hyaluronic Acid; Niacinamide; Calcipotriene,A1351,NA
352,Imiquimod; Levocetirizine Dihydrochloride; Tretinoin,A1352,NA
353,Imiquimod; Niacinamide,A1353,NA
354,Imiquimod; Niacinamide; Levocetirizine Dihydrochloride,A1354,NA
355,Imiquimod; Salicylic Acid; Tretinoin,A1355,NA
356,Imiquimod; Tretinoin,A1356,NA
357,Inositol; Choline Chloride; Methionine,A1357,NA
358,Inositol; Choline Chloride; Methionine; Cyanocobalamin,A1358,NA
359,Inositol; Choline Chloride; Methionine; Levocarnitine; Thiamine Hydrochloride; Dexpanthenol,A1359,NA
360,Iodine,A1360,NA
361,Iohexol,A1361,NA
362,Iopamidol,A1362,NA
363,Ipamorelin,A1363,NA
364,Ipamorelin; Cjc-1295,A1364,NA
365,Ipamorelin; Growth Hormone-Releasing Hormone Receptor,A1365,NA
366,Ipamorelin; Sermorelin Acetate,A1366,NA
367,"Isoleucine, Dl-; Leucine, Dl-; Valine, Dl-",A1367,NA
368,Isoleucine; Alanine; Glycine; Phenylalanine; Tryptophan; Valine; Calcium Gluconate Monohydrate; Glutamic Acid; Lysine Acetate; Serine; Tyrosine; N-Acetyltyrosine; Threonine; Cysteine Hydrochloride; Dextrose Monohydrate; Histidine; Arginine; Taurine; Leucine; Methionine; Proline; Aspartic Acid,A1368,NA
369,Isoleucine; Alanine; Glycine; Phenylalanine; Tryptophan; Valine; Calcium Gluconate Monohydrate; Glutamic Acid; Lysine Acetate; Serine; Tyrosine; N-Acetyltyrosine; Threonine; Cysteine Hydrochloride; Histidine; Arginine; Taurine; Dextrose Monohydrate; Leucine; Methionine; Proline; Aspartic Acid,A1369,NA
370,Isopropyl Alcohol,A1370,NA
371,Isoproterenol Hydrochloride,A1371,NA
372,Isosulfan Blue,A1372,NA
373,Ketamine,A1373,NA
374,Ketamine Hydrochloride,A1374,NA
375,Ketamine Hydrochloride; Ketorolac; Bupivacaine Hydrochloride,A1375,NA
376,Ketoconazole; Amikacin Sulfate; Triamcinolone Acetonide,A1376,NA
377,Ketoconazole; Enrofloxacin; Triamcinolone Acetonide,A1377,NA
378,Ketoconazole; Fluocinolone Acetonide; Sulfacetamide Sodium,A1378,NA
379,Ketoconazole; Gentamicin Sulfate; Triamcinolone Acetonide,A1379,NA
380,Ketoconazole; Niacinamide,A1380,NA
381,Ketoprofen,A1381,NA
382,Ketorolac Tromethamine,A1382,NA
383,Ketorolac Tromethamine; Phenylephrine Hydrochloride; Tropicamide; Cyclopentolate Hydrochloride,A1383,NA
384,Ketorolac Tromethamine; Racepinephrine Hydrochloride; Clonidine Hydrochloride; Ropivacaine Hydrochloride,A1384,NA
385,Ketorolac Tromethamine; Ropivacaine Hydrochloride; Epinephrine; Clonidine Hydrochloride,A1385,NA
386,Ketorolac Tromethamine; Tropicamide Hydrochloride; Phenylephrine Hydrochloride; Cyclopentolate Hydrochloride,A1386,NA
387,Labetalol Hydrochloride,A1387,NA
388,Lactic Acid; Fluocinolone Acetonide; Hyaluronic Acid; Urea,A1388,NA
389,Lactic Acid; Salicylic Acid,A1389,NA
390,Lactic Acid; Urea,A1390,NA
391,"Lecithin, Soybean",A1391,NA
392,"Lecithin, Soybean; Sodium Desoxycholate",A1392,NA
393,"Leucine, Dl-; Valine, Dl-; Isoleucine, Dl-",A1393,NA
394,Leucine; Methionine; Proline; Aspartic Acid; Isoleucine; Alanine; Glycine; Phenylalanine; Tryptophan; Valine; Heparin Sodium; Lysine Acetate; Serine; Glutamic Acid; Tyrosine; N-Acetyltyrosine; Threonine; Cysteine Hydrochloride; Histidine; Arginine; Taurine; Dextrose Monohydrate; Calcium Gluconate Monohydrate,A1394,NA
395,Leucine; Methionine; Proline; Aspartic Acid; Isoleucine; Alanine; Glycine; Phenylalanine; Tryptophan; Valine; Heparin Sodium; Lysine Acetate; Serine; Threonine; Glutamic Acid; Tyrosine; N-Acetyltyrosine; Cysteine Hydrochloride; Histidine; Arginine; Taurine; Dextrose Monohydrate; Calcium Gluconate Monohydrate,A1395,NA
396,Leuprolide Acetate,A1396,NA
397,Levocarnitine,A1397,NA
398,Levocetirizine Dihydrochloride; Clobetasol Propionate,A1398,NA
399,Lidocaine,A1399,NA
400,Lidocaine Hydrochloride,A1400,NA
401,Lidocaine Hydrochloride Anhydrous,A1401,NA
402,Lidocaine Hydrochloride Anhydrous; Lidocaine Hydrochloride,A1402,NA
403,Lidocaine Hydrochloride; Bupivacaine Hydrochloride,A1403,NA
404,Lidocaine Hydrochloride; Bupivacaine Hydrochloride; Hyaluronidase,A1404,NA
405,Lidocaine Hydrochloride; Epinephrine,A1241,NA
406,Lidocaine Hydrochloride; Epinephrine Bitartrate; Tetracaine Hydrochloride,A1406,NA
407,Lidocaine Hydrochloride; Epinephrine Hydrochloride,A1241,NA
408,Lidocaine Hydrochloride; Hyaluronidase,A1408,NA
409,Lidocaine Hydrochloride; Hyoscyamine Sulfate,A1409,NA
410,Lidocaine Hydrochloride; Medroxyprogesterone Acetate,A1410,NA
411,Lidocaine Hydrochloride; Oxymetazoline Hydrochloride,A1411,NA
412,Lidocaine Hydrochloride; Phenylephrine Hydrochloride,A1412,NA
413,Lidocaine Hydrochloride; Prilocaine Hydrochloride; Tetracaine Hydrochloride; Phenylephrine Hydrochloride,A1413,NA
414,Lidocaine Hydrochloride; Sodium Bicarbonate; Calcium Chloride; Sodium Chloride; Sodium Gluconate; Sodium Acetate; Potassium Chloride; Magnesium Chloride; Dextrose Monohydrate,A1414,NA
415,Lidocaine Hydrochloride; Sodium Bicarbonate; Sodium Acetate; Potassium Chloride; Magnesium Chloride; Sodium Chloride; Sodium Gluconate,A1415,NA
416,Lidocaine Hydrochloride; Tetracaine,A1416,NA
417,Lidocaine Hydrochloride; Tetracaine Hydrochloride,A1416,NA
418,Lidocaine Hydrochloride; Tetracaine Hydrochloride; Epinephrine Bitartrate,A1418,NA
419,Lidocaine Hydrochloride; Tetracaine Hydrochloride; Phenylephrine Hydrochloride,A1419,NA
420,Lidocaine Hydrochloride; Tetracaine Hydrochloride; Prilocaine Hydrochloride,A1420,NA
421,Lidocaine Hydrochloride; Tetracaine Hydrochloride; Racepinephrine Hydrochloride,A1421,NA
422,Lidocaine Hydrochloride; Tetracaine; Epinephrine,A1422,NA
423,Lidocaine Hydrochloride; Triamcinolone Acetonide,A1423,NA
424,Lidocaine; Benzocaine; Tetracaine,A1070,NA
425,Lidocaine; Benzocaine; Tetracaine Hydrochloride,A1070,NA
426,Lidocaine; Bupivacaine,A1426,NA
427,Lidocaine; Bupivacaine; Hyaluronidase,A1427,NA
428,Lidocaine; Dibucaine Hydrochloride; Phenylephrine Hydrochloride; Prilocaine,A1428,NA
429,Lidocaine; Hyaluronidase; Bupivacaine,A1429,NA
430,Lidocaine; Hyaluronidase; Racepinephrine,A1430,NA
431,"Lidocaine; Magnesium Sulfate, Unspecified Form; Adenosine",A1431,NA
432,Lidocaine; Mupirocin,A1432,NA
433,Lidocaine; Oxymetazoline Hydrochloride,A1433,NA
434,Lidocaine; Phenylephrine Hydrochloride,A1434,NA
435,Lidocaine; Phenylephrine Hydrochloride; Prilocaine,A1435,NA
436,Lidocaine; Prilocaine Hydrochloride; Tetracaine Hydrochloride,A1436,NA
437,Lidocaine; Prilocaine Hydrochloride; Tetracaine Hydrochloride; Phenylephrine,A1437,NA
438,Lidocaine; Prilocaine; Tetracaine,A1438,NA
439,Lidocaine; Racepinephrine,A1439,NA
440,Lidocaine; Racepinephrine; Bupivacaine,A1440,NA
441,Lidocaine; Racepinephrine; Tetracaine Hydrochloride,A1441,NA
442,Lidocaine; Tetracaine,A1416,NA
443,Lidocaine; Tetracaine Hydrochloride; Prilocaine Hydrochloride,A1443,NA
444,Lidocaine; Tetracaine; Benzocaine,A1070,NA
445,Lomustine,A1445,NA
446,Lysine,A1446,NA
447,Lysine Acetate; Serine; Glutamic Acid; Tyrosine; N-Acetyltyrosine; Threonine; Cysteine Hydrochloride; Histidine; Arginine; Taurine; Dextrose Monohydrate; Calcium Gluconate Monohydrate; Leucine; Methionine; Proline; Aspartic Acid; Isoleucine; Alanine; Glycine; Phenylalanine; Tryptophan; Valine,A1447,NA
448,Lysine Acetate; Serine; Glutamic Acid; Tyrosine; N-Acetyltyrosine; Threonine; Cysteine Hydrochloride; Histidine; Arginine; Taurine; Dextrose Monohydrate; Calcium Gluconate Monohydrate; Leucine; Methionine; Proline; Aspartic Acid; Isoleucine; Alanine; Glycine; Phenylalanine; Tryptophan; Valine; Heparin Sodium,A1448,NA
449,Lysine Acetate; Serine; Glutamic Acid; Tyrosine; N-Acetyltyrosine; Threonine; Cysteine Hydrochloride; Histidine; Arginine; Taurine; Dextrose Monohydrate; Leucine; Methionine; Proline; Aspartic Acid; Isoleucine; Alanine; Glycine; Phenylalanine; Tryptophan; Valine,A1449,NA
450,Lysine Acetate; Serine; Tyrosine; N-Acetyltyrosine; Threonine; Cysteine Hydrochloride; Histidine; Arginine; Taurine; Dextrose Monohydrate; Leucine; Methionine; Glutamic Acid; Proline; Aspartic Acid; Isoleucine; Alanine; Glycine; Phenylalanine; Tryptophan; Valine,A1450,NA
451,Lysine Hydrochloride,A1451,NA
452,"Lysine Hydrochloride, Dl-",A1452,NA
453,Lysine Hydrochloride; Arginine Hydrochloride,A1453,NA
454,Magnesium Chloride,A1454,NA
455,Magnesium Chloride Tetrahydrate,A1455,NA
456,Magnesium Hydroxide; Aluminum Hydroxide; Lidocaine Hydrochloride; Dimethicone,A1456,NA
457,Magnesium Sulfate Heptahydrate,A1457,NA
458,Magnesium Sulfate Heptahydrate; Dextrose Monohydrate; Trisodium Citrate Dihydrate; Sodium Chloride,A1458,NA
459,Magnesium Sulfate Heptahydrate; Sodium Chloride; Potassium Chloride,A1459,NA
460,Magnesium Sulfate Heptahydrate; Tromethamine; Dextrose Monohydrate; Sodium Chloride; Sodium Gluconate; Magnesium Chloride; Sodium Acetate; Potassium Chloride; Mannitol,A1460,NA
461,Manganese Sulfate Anhydrous,A1461,NA
462,Mannitol; Lidocaine Hydrochloride; Magnesium Sulfate Heptahydrate; Magnesium Chloride; Sodium Gluconate; Sodium Acetate; Potassium Chloride; Sodium Chloride; Sodium Bicarbonate,A1462,NA
463,Mannitol; Lidocaine Hydrochloride; Sodium Bicarbonate; Sodium Chloride; Potassium Chloride; Calcium Chloride,A1463,NA
464,Mannitol; Magnesium Sulfate Heptahydrate; Sodium Chloride; Potassium Chloride; Magnesium Chloride; Tromethamine; Dextrose Monohydrate; Sodium Acetate; Sodium Gluconate,A1464,NA
465,Medroxyprogesterone Acetate,A1465,NA
466,Meloxicam,A1466,NA
467,Menotropins,A1467,NA
468,Metformin Hydrochloride,A1468,NA
469,Methacholine Chloride,A1469,NA
470,Methadone Hydrochloride,A1470,NA
471,Methionine,A1471,NA
472,Methionine; Choline Chloride; Inositol; Benzyl Alcohol,A1472,NA
473,Methionine; Choline Chloride; Inositol; Cyanocobalamin; Benzyl Alcohol,A1473,NA
474,Methionine; Cyanocobalamin; Choline Chloride; Inositol,A1474,NA
475,Methionine; Cyanocobalamin; Choline Chloride; Inositol; Pyridoxine Hydrochloride,A1475,NA
476,Methionine; Inositol; Choline Chloride,A1476,NA
477,Methionine; Inositol; Choline Chloride; Cyanocobalamin,A1477,NA
478,Methocarbamol,A1478,NA
479,Methohexital Sodium,A1479,NA
480,Methotrexate,A1480,NA
481,Methylcobalamin,A1481,NA
482,Methylene Blue,A1482,NA
483,Methylnaltrexone,A1483,NA
484,Methylprednisolone Acetate,A1484,NA
485,Methylprednisolone Acetate; Lidocaine,A1485,NA
486,Metoprolol Tartrate,A1486,NA
487,Metronidazole,A1487,NA
488,Metronidazole Benzoate,A1488,NA
489,Metronidazole; Ivermectin,A1489,NA
490,Metronidazole; Ivermectin; Brimonidine Tartrate; Niacinamide,A1490,NA
491,Metronidazole; Ivermectin; Niacinamide,A1491,NA
492,Metronidazole; Mupirocin,A1492,NA
493,Metronidazole; Niacinamide,A1493,NA
494,Midazolam,A1494,NA
495,Midazolam Hydrochloride,A1495,NA
496,Midazolam; Ketamine Hydrochloride; Ondansetron Hydrochloride,A1496,NA
497,Milrinone Lactate,A1497,NA
498,Minoxidil; Finasteride,A1498,NA
499,Minoxidil; Finasteride; Dexamethasone Sodium Phosphate,A1499,NA
500,Minoxidil; Fluocinolone Acetonide; Tretinoin,A1500,NA
501,Minoxidil; Niacinamide,A1501,NA
502,Minoxidil; Progesterone,A1502,NA
503,Minoxidil; Progesterone; Tretinoin,A1503,NA
504,Misoprostol,A1504,NA
505,Mitomycin,A1505,NA
506,Molybdenum,A1506,NA
507,Mometasone Furoate; Niacinamide,A1507,NA
508,Morphine Sulfate,A1508,NA
509,Morphine Sulfate; Bupivacaine Hydrochloride Related Compound A,A1509,NA
510,Moxifloxacin,A1510,NA
511,Moxifloxacin Hydrochloride,A1511,NA
512,Moxifloxacin Hydrochloride; Dexamethasone Sodium Phosphate,A1512,NA
513,Moxifloxacin Hydrochloride; Triamcinolone Acetonide,A1513,NA
514,Mupirocin; Clotrimazole; Betamethasone Acetate,A1514,NA
515,Mycophenolate Sodium,A1515,NA
516,N-Acetyltyrosine; Threonine; Cysteine Hydrochloride; Histidine; Arginine; Taurine; Dextrose Monohydrate; Leucine; Methionine; Glutamic Acid; Proline; Aspartic Acid; Isoleucine; Alanine; Glycine; Phenylalanine; Tryptophan; Valine; Calcium Gluconate Monohydrate; Lysine Acetate; Serine; Tyrosine,A1516,NA
517,N-Acetyltyrosine; Threonine; Cysteine Hydrochloride; Histidine; Arginine; Taurine; Dextrose Monohydrate; Leucine; Methionine; Proline; Aspartic Acid; Isoleucine; Alanine; Glycine; Phenylalanine; Tryptophan; Valine; Calcium Gluconate Monohydrate; Glutamic Acid; Lysine Acetate; Serine; Tyrosine,A1517,NA
518,Naloxone Hydrochloride,A1518,NA
519,Naltrexone,A1519,NA
520,Naltrexone Hydrochloride,A1520,NA
521,Naltrexone; Triamcinolone,A1521,NA
522,Nandrolone Decanoate,A1522,NA
523,Neomycin Sulfate; Polymyxin B Sulfate; Dexamethasone,A1523,NA
524,Neostigmine Methylsulfate,A1524,NA
525,Nepafenac; Prednisolone Acetate; Moxifloxacin Hydrochloride,A1525,NA
526,Niacinamide,A1526,NA
527,"Niacinamide Hydriodide; Riboflavin 5'-Phosphate Sodium; Panthenol Triacetate, (+)-; Thiamine Hydrochloride; Pyridoxine Hydrochloride",A1527,NA
528,Niacinamide; Adapalene,A1528,NA
529,Niacinamide; Azelaic Acid,A1529,NA
530,Niacinamide; Benzoyl Peroxide,A1530,NA
531,Niacinamide; Betamethasone Dipropionate,A1531,NA
532,Niacinamide; Clindamycin Phosphate,A1532,NA
533,Niacinamide; Clindamycin Phosphate; Hydrocortisone,A1533,NA
534,Niacinamide; Clindamycin Phosphate; Spironolactone; Tretinoin,A1534,NA
535,Niacinamide; Clindamycin Phosphate; Tretinoin,A1535,NA
536,Niacinamide; Clobetasol Propionate,A1536,NA
537,Niacinamide; Fluocinonide,A1537,NA
538,Niacinamide; Fluocinonide; Hyaluronic Acid,A1538,NA
539,Niacinamide; Lactic Acid,A1539,NA
540,Niacinamide; Riboflavin 5'-Phosphate Sodium; Dexpanthenol; Thiamine Hydrochloride; Pyridoxine Hydrochloride,A1540,NA
541,Niacinamide; Spironolactone,A1541,NA
542,Niacinamide; Spironolactone; Tretinoin,A1542,NA
543,Niacinamide; Sulfacetamide Sodium,A1543,NA
544,Niacinamide; Tazarotene,A1544,NA
545,Niacinamide; Tazarotene; Clindamycin Phosphate,A1545,NA
546,Niacinamide; Tretinoin,A1546,NA
547,Niacinamide; Tretinoin; Clindamycin Phosphate,A1547,NA
548,Niacinamide; Tretinoin; Hyaluronic Acid,A1548,NA
549,Niacinamide; Tretinoin; Spironolactone; Benzoyl Peroxide; Clindamycin Phosphate,A1549,NA
550,Niacinamide; Triamcinolone Acetonide,A1550,NA
551,Nicardipine Hydrochloride,A1551,NA
552,"Nicotinamide-Adenine Dinucleotide Phosphate, Reduced",A1552,NA
553,Nitroglycerin,A1553,NA
554,Norepinephrine,A1554,NA
555,Norepinephrine Bitartrate,A1555,NA
556,"Norepinephrine Hydrochloride, (+/-)",A1556,NA
557,Norepinephrine; Sodium Chloride; Sodium Metabisulfite,A1557,NA
558,Omeprazole,A1558,NA
559,Ondansetron,A1559,NA
560,Ondansetron Hydrochloride,A1560,NA
561,Ondansetron Hydrochloride Anhydrous,A1561,NA
562,Ondansetron Hydrochloride; Ketamine Hydrochloride; Midazolam,A1562,NA
563,Ornithine; Arginine Hydrochloride; Citrulline,A1563,NA
564,Oxandrolone,A1564,NA
565,Oxymetazoline Hydrochloride; Tetracaine Hydrochloride,A1565,NA
566,Oxytocin,A1566,NA
567,Oxytocin; Sildenafil Citrate,A1567,NA
568,Oxytocin; Tadalafil,A1568,NA
569,Papaverine Hydrochloride; Alprostadil; Phentolamine Mesylate,A1569,NA
570,Papaverine Hydrochloride; Phentolamine Mesylate,A1570,NA
571,Papaverine Hydrochloride; Phentolamine Mesylate; Alprostadil,A1571,NA
572,Papaverine Hydrochloride; Phentolamine Mesylate; Alprostadil; Atropine Sulfate,A1572,NA
573,Papaverine Hydrochloride; Sildenafil Citrate,A1573,NA
574,Papaverine; Sildenafil,A1574,NA
575,Papaverine; Sildenafil Citrate,A1575,NA
576,Pentoxifylline,A1576,NA
577,Perflubron,A1577,NA
578,Phenobarbital Sodium,A1578,NA
579,Phenol,A1579,NA
580,Phentolamine Mesylate; Alprostadil; Atropine Sulfate; Papaverine Hydrochloride,A1580,NA
581,Phentolamine Mesylate; Papaverine Hydrochloride; Alprostadil; Atropine Sulfate,A1581,NA
582,Phentolamine Mesylate; Papaverine Hydrochloride; Atropine,A1582,NA
583,Phenylephrine,A1583,NA
584,Phenylephrine Hydrochloride,A1584,NA
585,"Phenylephrine Hydrochloride, (+/-)",A1585,NA
586,Phenylephrine Hydrochloride; Ciprofloxacin Hydrochloride; Cyclopentolate Hydrochloride,A1586,NA
587,Phenylephrine Hydrochloride; Ketorolac Tromethamine; Ciprofloxacin Hydrochloride; Tropicamide,A1587,NA
588,Phenylephrine Hydrochloride; Lidocaine,A1588,NA
589,Phenylephrine Hydrochloride; Lidocaine Hydrochloride,A1589,NA
590,Phenylephrine Hydrochloride; Lidocaine; Tetracaine,A1590,NA
591,Phenylephrine Hydrochloride; Tropicamide,A1591,NA
592,Phenylephrine Hydrochloride; Tropicamide; Cyclopentolate Hydrochloride,A1592,NA
593,Phenylephrine Hydrochloride; Tropicamide; Ketorolac Tromethamine; Ciprofloxacin Hydrochloride,A1593,NA
594,Phenylephrine Hydrochloride; Tropicamide; Proparacaine Hydrochloride; Ketorolac Tromethamine,A1594,NA
595,Phenylephrine; Lidocaine; Tetracaine,A1595,NA
596,"Phosphatidylcholine, Soybean; Deoxycholic Acid",A1596,NA
597,Phytonadione,A1597,NA
598,Pilocarpine Hydrochloride,A1598,NA
599,Pioglitazone Hydrochloride,A1599,NA
600,Podophyllum Resin; Cantharidin; Salicylic Acid,A1600,NA
601,Polidocanol,A1601,NA
602,Polymyxin B Sulfate; Neomycin Sulfate,A1602,NA
603,Ponazuril,A1603,NA
604,Potassium Acetate,A1604,NA
605,Potassium Chloride,A1605,NA
606,"Potassium Chloride; Aspartic Acid; Tromethamine; Glutamic Acid; Dextrose Monohydrate; Citric Acid Monohydrate; Sodium Phosphate, Monobasic, Monohydrate; Anhydrous Dextrose; Trisodium Citrate Dihydrate",A1606,NA
607,"Potassium Chloride; Aspartic Acid; Tromethamine; Glutamic Acid; Dextrose Monohydrate; Citric Acid Monohydrate; Trisodium Citrate Dihydrate; Sodium Phosphate, Monobasic, Monohydrate; Anhydrous Dextrose",A1607,NA
608,"Potassium Chloride; Aspartic Acid; Tromethamine; Glutamic Acid; Dextrose Monohydrate; Trisodium Citrate Dihydrate; Sodium Phosphate, Monobasic, Monohydrate; Anhydrous Dextrose; Citric Acid Monohydrate",A1608,NA
609,Potassium Chloride; Lidocaine Hydrochloride,A1609,NA
610,Potassium Chloride; Sodium Bicarbonate; Lidocaine Hydrochloride,A1610,NA
611,Potassium Iodide,A1611,NA
612,Potassium Palmitate,A1612,NA
613,"Potassium Phosphate, Dibasic",A1613,NA
614,"Potassium Phosphate, Dibasic; Potassium Phosphate, Monobasic",A1614,NA
615,"Potassium Phosphate, Monobasic; Potassium Phosphate, Dibasic",A1615,NA
616,"Potassium Phosphate, Unspecified Form",A1616,NA
617,Povidone,A1617,NA
618,Povidone-Iodine,A1618,NA
619,Pralmorelin; Sermorelin,A1619,NA
620,Prasterone,A1620,NA
621,Prasterone; Pregnenolone,A1621,NA
622,Prasterone; Progesterone,A1622,NA
623,Prasterone; Progesterone; Pregnenolone,A1623,NA
624,Prasterone; Sildenafil,A1624,NA
625,Praziquantel; Pyrantel Pamoate; Mebendazole,A1625,NA
626,Praziquantel; Pyrantel Pamoate; Oxantel Pamoate,A1626,NA
627,Prednisolone,A1627,NA
628,Prednisolone Acetate,A1628,NA
629,Prednisolone Acetate; Bromfenac; Gatifloxacin,A1629,NA
630,Prednisolone Acetate; Gatifloxacin,A1630,NA
631,Prednisolone Acetate; Moxifloxacin Hydrochloride,A1631,NA
632,Prednisolone Acetate; Moxifloxacin Hydrochloride; Nepafenac,A1632,NA
633,Prednisolone Acetate; Nepafenac,A1633,NA
634,Prednisolone Sodium Phosphate; Bromfenac,A1634,NA
635,Prednisolone Sodium Phosphate; Bromfenac; Gatifloxacin,A1635,NA
636,Prednisolone Sodium Phosphate; Gatifloxacin,A1636,NA
637,Prednisolone Sodium Phosphate; Moxifloxacin Hydrochloride,A1637,NA
638,Pregnenolone,A1638,NA
639,Pregnenolone; Prasterone,A1639,NA
640,Pregnenolone; Prasterone; Progesterone,A1640,NA
641,Pregnenolone; Progesterone,A1641,NA
642,Pregnenolone; Progesterone; Prasterone,A1642,NA
643,Prilocaine Hydrochloride; Lidocaine Hydrochloride; Tetracaine,A1643,NA
644,Prilocaine; Lidocaine; Tetracaine; Phenylephrine,A1644,NA
645,Prilocaine; Phenylephrine Hydrochloride; Lidocaine,A1645,NA
646,Procaine Hydrochloride,A1646,NA
647,Progesterone,A1647,NA
648,Progesterone; Estriol; Estradiol,A1648,NA
649,Progesterone; Minoxidil; Fluocinolone Acetonide,A1649,NA
650,Progesterone; Minoxidil; Tretinoin,A1650,NA
651,Progesterone; Prasterone; Pregnenolone,A1651,NA
652,Progesterone; Pregnenolone,A1652,NA
653,Progesterone; Pregnenolone; Prasterone,A1653,NA
654,Proline,A1654,NA
655,Promethazine Hydrochloride,A1655,NA
656,Proparacaine,A1656,NA
657,Proparacaine Hydrochloride,A1657,NA
658,Proparacaine Hydrochloride; Cyclopentolate Hydrochloride; Phenylephrine Hydrochloride; Tropicamide,A1658,NA
659,Proparacaine Hydrochloride; Cyclopentolate Hydrochloride; Phenylephrine Hydrochloride; Tropicamide; Ketorolac Tromethamine,A1659,NA
660,Pyridoxal Phosphate Anhydrous; Choline Chloride; Niacinamide; Inositol; Cyanocobalamin; Thiamine Hydrochloride; Riboflavin 5'-Phosphate Sodium; Ascorbic Acid; Methionine,A1660,NA
661,Pyridoxine Hydrochloride,A1661,NA
662,Pyridoxine Hydrochloride; Inositol; Choline Chloride; Cyanocobalamin; Methionine,A1662,NA
663,Pyridoxine Hydrochloride; Magnesium Chloride; Dexpanthenol; Calcium Gluconate; Thiamine Hydrochloride; Niacinamide; Cyanocobalamin; Riboflavin,A1663,NA
664,Pyridoxine Hydrochloride; Methionine; Inositol; Choline Chloride; Cyanocobalamin,A1664,NA
665,Pyridoxine Hydrochloride; Riboflavin 5'-Phosphate Sodium; Chromic Chloride; Thiamine Hydrochloride; Methylcobalamin; Niacinamide Hydrochloride,A1665,NA
666,Pyridoxine Hydrochloride; Riboflavin 5'-Phosphate Sodium; Chromic Chloride; Thiamine Hydrochloride; Niacinamide Hydrochloride,A1666,NA
667,Pyridoxine Hydrochloride; Thiamine Hydrochloride,A1667,NA
668,Racepinephrine,A1668,NA
669,Racepinephrine Hydrochloride; Lidocaine Hydrochloride,A1669,NA
670,Racepinephrine Hydrochloride; Lidocaine Hydrochloride; Tetracaine Hydrochloride,A1670,NA
671,Racepinephrine Hydrochloride; Tetracaine Hydrochloride; Lidocaine Hydrochloride,A1671,NA
672,Ranibizumab,A1672,NA
673,Remifentanil Hydrochloride,A1673,NA
674,Riboflavin 5'-Phosphate Sodium,A1674,NA
675,Riboflavin 5'-Phosphate Sodium; Niacinamide; Dexpanthenol; Pyridoxine Hydrochloride; Methionine; Inositol; Choline Chloride; Thiamine Hydrochloride; Biotin; Hydroxocobalamin Hydrochloride,A1675,NA
676,Riboflavin; Niacinamide; Dexpanthenol; Pyridoxine; Thiamine Hydrochloride,A1676,NA
677,Rocuronium Bromide,A1677,NA
678,Ropivacaine Hydrochloride,A1678,NA
679,"Ropivacaine Hydrochloride, (r)-",A1679,NA
680,Ropivacaine Hydrochloride; Bupivacaine Hydrochloride,A1680,NA
681,Ropivacaine Hydrochloride; Clonidine Hydrochloride; Ketorolac Tromethamine; Epinephrine,A1681,NA
682,Ropivacaine Hydrochloride; Clonidine Hydrochloride; Ketorolac Tromethamine; Racephedrine,A1682,NA
683,Ropivacaine Hydrochloride; Epinephrine; Ketorolac Tromethamine; Clonidine Hydrochloride,A1683,NA
684,Ropivacaine Hydrochloride; Fentanyl Citrate,A1684,NA
685,Ropivacaine Hydrochloride; Ketamine; Ketorolac Tromethamine,A1685,NA
686,Ropivacaine Hydrochloride; Ketorolac Tromethamine; Clonidine Hydrochloride,A1686,NA
687,Ropivacaine Hydrochloride; Ketorolac Tromethamine; Ketamine,A1687,NA
688,Salicylic Acid,A1688,NA
689,Salicylic Acid; Ciclopirox,A1689,NA
690,Salicylic Acid; Ciclopirox; Clobetasol Propionate,A1690,NA
691,Salicylic Acid; Clobetasol Propionate,A1691,NA
692,Salicylic Acid; Clobetasol Propionate; Coal Tar,A1692,NA
693,Salicylic Acid; Ketoconazole,A1693,NA
694,Salicylic Acid; Podophyllum Resin; Cantharidin,A1694,NA
695,Sarracenia Purpurea,A1695,NA
696,Secnidazole,A1696,NA
697,Sermorelin,A1697,NA
698,Sermorelin Acetate,A1698,NA
699,Sermorelin Acetate; Ipamorelin,A1699,NA
700,Sermorelin Acetate; Pralmorelin,A1700,NA
701,Sermorelin; Ipamorelin,A1701,NA
702,Sermorelin; Pralmorelin; Growth Hormone Releasing Hexapeptide,A1702,NA
703,Sildenafil,A1703,NA
704,Sildenafil Citrate,A1704,NA
705,Sildenafil Citrate; Papaverine Hydrochloride,A1705,NA
706,Sildenafil Citrate; Testosterone,A1706,NA
707,Sildenafil; Papaverine,A1707,NA
708,Sincalide,A1708,NA
709,Sodium 3-Hydroxybutyrate,A1709,NA
710,Sodium Acetate Anhydrous,A1710,NA
711,Sodium Bicarbonate,A1711,NA
712,Sodium Chloride,A1712,NA
713,"Sodium Chloride; Citric Acid Monohydrate; Trisodium Citrate Dihydrate; Anhydrous Dextrose; Tromethamine; Potassium Chloride; Sodium Phosphate, Monobasic, Monohydrate; Dextrose Monohydrate",A1713,NA
714,Sodium Chloride; Magnesium Sulfate Heptahydrate; Potassium Chloride; Dextrose Monohydrate; Calcium Chloride,A1714,NA
715,Sodium Chloride; Magnesium Sulfate Heptahydrate; Potassium Chloride; Sodium Bicarbonate; Calcium Chloride,A1715,NA
716,Sodium Chloride; Sodium Gluconate; Magnesium Chloride; Sodium Acetate; Potassium Chloride; Mannitol; Magnesium Sulfate Heptahydrate; Tromethamine; Dextrose Monohydrate,A1716,NA
717,Sodium Chloride; Sodium Gluconate; Sodium Acetate; Potassium Chloride; Magnesium Chloride; Dextrose Monohydrate; Lidocaine Hydrochloride; Sodium Bicarbonate; Calcium Chloride,A1717,NA
718,Sodium Chloride; Sodium Gluconate; Sodium Acetate; Potassium Chloride; Magnesium Chloride; Lidocaine Hydrochloride; Sodium Bicarbonate,A1718,NA
719,"Sodium Chloride; Tromethamine; Potassium Chloride; Dextrose Monohydrate; Citric Acid Monohydrate; Trisodium Citrate Dihydrate; Sodium Phosphate, Monobasic, Monohydrate; Anhydrous Dextrose",A1719,NA
720,"Sodium Chloride; Tromethamine; Potassium Chloride; Dextrose Monohydrate; Sodium Phosphate, Monobasic, Monohydrate; Anhydrous Dextrose; Citric Acid Monohydrate; Trisodium Citrate Dihydrate",A1720,NA
721,Sodium Citrate,A1721,NA
722,Sodium Glycolate,A1722,NA
723,Sodium Hydroxide,A1723,NA
724,Sodium Oxalate,A1724,NA
725,"Sodium Phosphate, Dibasic, Anhydrous",A1725,NA
726,"Sodium Phosphate, Dibasic, Heptahydrate; Sodium Phosphate, Monobasic, Monohydrate",A1726,NA
727,"Sodium Phosphate, Monobasic, Monohydrate; Anhydrous Dextrose; Aspartic Acid; Glutamic Acid; Citric Acid Monohydrate; Trisodium Citrate Dihydrate",A1727,NA
728,"Sodium Phosphate, Monobasic, Monohydrate; Anhydrous Dextrose; Citric Acid Monohydrate; Trisodium Citrate Dihydrate; Sodium Chloride; Tromethamine; Potassium Chloride; Dextrose Monohydrate",A1728,NA
729,"Sodium Phosphate, Monobasic, Monohydrate; Anhydrous Dextrose; Potassium Chloride; Aspartic Acid; Tromethamine; Glutamic Acid; Dextrose Monohydrate; Citric Acid Monohydrate; Trisodium Citrate Dihydrate",A1729,NA
730,"Sodium Phosphate, Monobasic, Monohydrate; Sodium Phosphate, Dibasic, Anhydrous",A1730,NA
731,Sodium Selenate,A1731,NA
732,Sodium Tetradecyl Sulfate,A1732,NA
733,Sodium Thiosulfate,A1733,NA
734,Squaric Acid Dibutyl Ester,A1734,NA
735,Succinylcholine,A1735,NA
736,Succinylcholine Chloride,A1736,NA
737,Succinylcholine Chloride Dihydrate,A1737,NA
738,Sufentanil Citrate; Ropivacaine Hydrochloride,A1738,NA
739,Sulfacetamide Sodium; Niacinamide,A1739,NA
740,Sulfacetamide Sodium; Salicylic Acid,A1740,NA
741,Sulfamethoxazole; Chloramphenicol; Amphotericin B,A1741,NA
742,Sulfamethoxazole; Chloramphenicol; Amphotericin B; Hydrocortisone,A1742,NA
743,Tacrolimus,A1743,NA
744,Tacrolimus; Niacinamide,A1744,NA
745,Tacrolimus; Urea,A1745,NA
746,Tadalafil,A1746,NA
747,Tadalafil; Oxytocin,A1747,NA
748,Tadalafil; Testosterone,A1748,NA
749,Taurine,A1749,NA
750,Taurine; Theanine; Magnesium Chloride Anhydrous; Gabapentin,A1750,NA
751,Tazarotene,A1751,NA
752,Terbinafine Hydrochloride,A1752,NA
753,Testosterone,A1753,NA
754,Testosterone Acetate; Progesterone; Estriol; Estradiol,A1754,NA
755,Testosterone Cypionate,A1755,NA
756,Testosterone Cypionate; Testosterone Enanthate,A1756,NA
757,Testosterone Cypionate; Testosterone Propionate,A1757,NA
758,Testosterone Enanthate,A1758,NA
759,Testosterone Enanthate; Testosterone Cypionate; Nandrolone Decanoate,A1759,NA
760,Testosterone Propionate,A1760,NA
761,Testosterone Propionate; Testosterone Cypionate,A1761,NA
762,Testosterone; Anastrozole,A1762,NA
763,Testosterone; Estriol; Estradiol,A1763,NA
764,Testosterone; Sildenafil Citrate; Oxytocin,A1764,NA
765,Testosterone; Tadalafil,A1765,NA
766,Testosterone; Triamcinolone Acetonide,A1766,NA
767,Tetracaine,A1767,NA
768,Tetracaine Hydrochloride,A1768,NA
769,Tetracaine Hydrochloride; Benzocaine; Lidocaine Hydrochloride Anhydrous,A1070,NA
770,Tetracaine Hydrochloride; Epinephrine Bitartrate; Lidocaine Hydrochloride,A1770,NA
771,Tetracaine Hydrochloride; Lidocaine Hydrochloride; Phenylephrine Hydrochloride,A1771,NA
772,Tetracaine Hydrochloride; Racepinephrine Hydrochloride; Lidocaine Hydrochloride,A1772,NA
773,Tetracaine; Benzocaine; Lidocaine,A1070,NA
774,Tetracaine; Lidocaine,A1416,NA
775,Tetracaine; Lidocaine; Benzocaine,A1070,NA
776,Tetracaine; Phenylephrine; Prilocaine; Lidocaine,A1776,NA
777,Thiamine Hydrochloride,A1777,NA
778,Thiamine Hydrochloride; Benzyl Alcohol; Riboflavin 5'-Phosphate Sodium; Niacinamide; Dexpanthenol; Pyridoxine Hydrochloride,A1778,NA
779,Thiamine Hydrochloride; Methionine; Choline Chloride; Cyanocobalamin; Inositol,A1779,NA
780,Thiamine Hydrochloride; Riboflavin 5'-Phosphate Sodium; Dexpanthenol; Pyridoxine Hydrochloride; Niacinamide,A1780,NA
781,Thiamine Hydrochloride; Riboflavin 5'-Phosphate Sodium; Niacinamide; Pyridoxine Hydrochloride; Cyanocobalamin; Methionine; Inositol; Choline Chloride; Carnitine,A1781,NA
782,Thiamine Hydrochloride; Riboflavin 5'-Phosphate Sodium; Niacinamide; Pyridoxine Hydrochloride; Hydroxocobalamin,A1782,NA
783,Thiamine Hydrochloride; Riboflavin 5'-Phosphate Sodium; Niacinamide; Pyridoxine Hydrochloride; Hydroxocobalamin Hydrochloride,A1783,NA
784,Thiamine Hydrochloride; Riboflavin 5'-Phosphate Sodium; Niacinamide; Pyridoxine Hydrochloride; Hydroxocobalamin Hydrochloride; Methionine; Inositol; Choline Chloride; Carnitine,A1784,NA
785,Thiamine Hydrochloride; Riboflavin 5'-Phosphate Sodium; Panthenol; Niacinamide; Pyridoxine Hydrochloride,A1785,NA
786,Tilarginine Acetate,A1786,NA
787,Tobramycin,A1787,NA
788,Tramadol Hydrochloride,A1788,NA
789,Tretinoin,A1789,NA
790,Tretinoin; Butylated Hydroxytoluene; Alcohol; Polyethylene Glycol 300,A1790,NA
791,Tretinoin; Fluocinonide; Hydroquinone,A1791,NA
792,Tretinoin; Hydrocortisone,A1792,NA
793,Tretinoin; Hydroquinone,A1793,NA
794,Tretinoin; Minoxidil,A1794,NA
795,Tretinoin; Spironolactone; Benzoyl Peroxide; Clindamycin Phosphate; Niacinamide,A1795,NA
796,Triamcinolone Acetonide,A1796,NA
797,Triamcinolone Acetonide; Calcipotriene,A1797,NA
798,Triamcinolone Acetonide; Levocetirizine Dihydrochloride; Mupirocin,A1798,NA
799,Triamcinolone Acetonide; Moxifloxacin Hydrochloride,A1799,NA
800,Triamcinolone Acetonide; Pentoxifylline,A1800,NA
801,Triamcinolone Acetonide; Testosterone,A1801,NA
802,Triamcinolone; Naltrexone,A1802,NA
803,Trichloroacetic Acid,A1803,NA
804,Trisodium Citrate Dihydrate,A1804,NA
805,Trisodium Citrate Dihydrate; Gentamicin Sulfate,A1805,NA
806,Trisodium Citrate Dihydrate; Sodium Chloride,A1806,NA
807,"Trisodium Citrate Dihydrate; Sodium Phosphate, Monobasic, Monohydrate; Anhydrous Dextrose; Dextrose Monohydrate; Potassium Chloride; Aspartic Acid; Tromethamine; Glutamic Acid; Magnesium Sulfate Heptahydrate; Citric Acid Monohydrate",A1807,NA
808,"Trisodium Citrate Dihydrate; Sodium Phosphate, Monobasic, Monohydrate; Anhydrous Dextrose; Potassium Chloride; Aspartic Acid; Tromethamine; Glutamic Acid; Dextrose Monohydrate; Citric Acid Monohydrate",A1808,NA
809,"Trisodium Citrate Dihydrate; Sodium Phosphate, Monobasic, Monohydrate; Anhydrous Dextrose; Sodium Chloride; Tromethamine; Potassium Chloride; Dextrose Monohydrate; Citric Acid Monohydrate",A1809,NA
810,Tromethamine,A1810,NA
811,Tropicamide,A1811,NA
812,Tropicamide Hydrochloride; Phenylephrine Hydrochloride; Cyclopentolate Hydrochloride; Ketorolac Tromethamine,A1812,NA
813,Tropicamide Hydrochloride; Phenylephrine Hydrochloride; Cyclopentolate Hydrochloride; Tetracaine Hydrochloride,A1813,NA
814,Tropicamide; Cyclopentolate Hydrochloride; Phenylephrine Hydrochloride,A1814,NA
815,Tropicamide; Cyclopentolate Hydrochloride; Phenylephrine Hydrochloride; Ketorolac Tromethamine,A1815,NA
816,Tropicamide; Cyclopentolate; Phenylephrine Hydrochloride,A1816,NA
817,Tropicamide; Ketorolac Tromethamine; Phenylephrine Hydrochloride; Tetracaine,A1817,NA
818,Tropicamide; Ketorolac Tromethamine; Proparacaine Hydrochloride; Cyclopentolate Hydrochloride; Phenylephrine Hydrochloride,A1818,NA
819,Tropicamide; Phenylephrine Hydrochloride,A1819,NA
820,Tropicamide; Phenylephrine Hydrochloride; Cyclopentolate Hydrochloride,A1820,NA
821,Tropicamide; Phenylephrine Hydrochloride; Tetracaine,A1821,NA
822,Tropicamide; Phenylephrine Hydrochloride; Tetracaine Hydrochloride,A1822,NA
823,Tropicamide; Proparacaine Hydrochloride; Phenylephrine Hydrochloride; Ketorolac Tromethamine,A1823,NA
824,Trypan Blue,A1824,NA
825,Tryptophan; Valine; Calcium Gluconate Monohydrate; Lysine Acetate; Serine; Tyrosine; N-Acetyltyrosine; Threonine; Cysteine Hydrochloride; Histidine; Arginine; Taurine; Dextrose Monohydrate; Leucine; Methionine; Glutamic Acid; Proline; Aspartic Acid; Isoleucine; Alanine; Glycine; Phenylalanine,A1825,NA
826,Tyrosine; N-Acetyltyrosine; Threonine; Cysteine Hydrochloride; Histidine; Arginine; Taurine; Dextrose Monohydrate; Leucine; Methionine; Proline; Aspartic Acid; Isoleucine; Alanine; Glycine; Phenylalanine; Tryptophan; Valine; Heparin Sodium; Calcium Gluconate Monohydrate; Glutamic Acid; Lysine Acetate; Serine,A1826,NA
827,Tyrosine; Tryptophan; Serine; Lysine Hydrochloride; Valine; Phenylalanine; Threonine; Methionine; Alanine; Arginine; Proline; Leucine Hydrochloride; Isoleucine; Glycine; Histidine,A1827,NA
828,Urea; Niacinamide,A1828,NA
829,Ursodiol,A1829,NA
830,Valine; Calcium Gluconate Monohydrate; Heparin Sodium; Glutamic Acid; Lysine Acetate; Serine; Tyrosine; N-Acetyltyrosine; Threonine; Cysteine Hydrochloride; Histidine; Arginine; Taurine; Dextrose Monohydrate; Leucine; Methionine; Proline; Aspartic Acid; Isoleucine; Alanine; Glycine; Phenylalanine; Tryptophan,A1830,NA
831,Valine; Isoleucine; Taurine; Magnesium Sulfate Heptahydrate; Arginine Hydrochloride; Leucine; Glutamine,A1831,NA
832,Valine; Isoleucine; Taurine; Magnesium Sulfate Heptahydrate; Sodium Selenite; Arginine Hydrochloride; Leucine; Glutamine,A1832,NA
833,Vancomycin,A1833,NA
834,Vancomycin Hydrochloride,A1834,NA
835,Vancomycin Hydrochloride; Gentamicin Sulfate,A1835,NA
836,Vardenafil,A1836,NA
837,Vasopressin,A1837,NA
838,"Vasopressin, Unspecified",A1838,NA
839,Vecuronium Bromide,A1839,NA
840,Verapamil Hydrochloride,A1840,NA
841,Yohimbine,A1841,NA
842,Yohimbine Hydrochloride,A1842,NA
843,Zinc Sulfate,A1843,NA
844,Zinc Sulfate Monohydrate,A1844,NA
845,Zinc Sulfate Monohydrate; Cupric Sulfate; Manganese Sulfate; Magnesium Sulfate Heptahydrate; Ondansetron Hydrochloride; Chromic Chloride,A1845,NA
846,"Zinc Sulfate, Unspecified Form",A1846,NA
